<project
        xmlns="http://maven.apache.org/POM/4.0.0"
        xmlns:xsi="http://www.w3.org/2001/XMLSchema-instance"
        xsi:schemaLocation="http://maven.apache.org/POM/4.0.0 http://maven.apache.org/maven-v4_0_0.xsd"
        >
    <modelVersion>4.0.0</modelVersion>
    <groupId>com.arrkgroup.apps</groupId>
    <artifactId>pmsLatest</artifactId>
    <packaging>war</packaging>
    <version>1.0</version>
    <name>Performance Management System</name>
    <properties>
        <project.build.sourceEncoding>UTF-8</project.build.sourceEncoding>
        <java-version>1.7</java-version>
        <io.spring.platform-version>1.1.1.RELEASE</io.spring.platform-version>
        <!-- AssertJ is not a part of Spring IO platform, so the version must be provided explicitly -->
        <assertj-core-version>1.5.0</assertj-core-version>
    </properties>
    <dependencyManagement>
        <dependencies>
            <dependency>
                <groupId>io.spring.platform</groupId>
                <artifactId>platform-bom</artifactId>
                <version>${io.spring.platform-version}</version>
                <type>pom</type>
                <scope>import</scope>
            </dependency>
        </dependencies>
    </dependencyManagement>
    <dependencies>
        <!-- Spring -->
        <dependency>
            <groupId>org.springframework</groupId>
            <artifactId>spring-webmvc</artifactId>
        </dependency>
        <!-- Spring LDAP -->
        <dependency>
			<groupId>org.springframework.security</groupId>
			<artifactId>spring-security-ldap</artifactId>
			<version>3.2.5.RELEASE</version>
		</dependency>
        <!-- Security -->
        <dependency>
            <groupId>org.springframework.security</groupId>
            <artifactId>spring-security-config</artifactId>
            <version>3.2.5.RELEASE</version>
        </dependency>
        <dependency>
            <groupId>org.springframework.security</groupId>
            <artifactId>spring-security-web</artifactId>
            <version>3.2.5.RELEASE</version>
        </dependency>
        <!-- View -->
        <dependency>
            <groupId>org.thymeleaf</groupId>
            <artifactId>thymeleaf-spring4</artifactId>
            <!-- Avoid org.hibernate.jpa.boot.archive.spi.ArchiveException: Could not build ClassFile in Java 8 -->
            <exclusions>
                <exclusion>
                    <artifactId>javassist</artifactId>
                    <groupId>org.javassist</groupId>
                </exclusion>
            </exclusions>
        </dependency>
        <dependency>
            <groupId>org.thymeleaf.extras</groupId>
            <artifactId>thymeleaf-extras-springsecurity3</artifactId>
        </dependency>
         <dependency>
            <groupId>nz.net.ultraq.thymeleaf</groupId>
            <artifactId>thymeleaf-layout-dialect</artifactId>
            <version>1.2.9</version>
        </dependency>
        <!-- Persistence -->
        <dependency>
			<groupId>mysql</groupId>
			<artifactId>mysql-connector-java</artifactId>
			<version>5.1.35</version>
		</dependency>
        <dependency>
            <groupId>com.zaxxer</groupId>
            <artifactId>HikariCP-java6</artifactId>
			<version>2.2.4</version>
            <scope>compile</scope>
        </dependency>
        <dependency>
            <groupId>org.springframework</groupId>
            <artifactId>spring-orm</artifactId>
        </dependency>
        <dependency>
            <groupId>org.hibernate</groupId>
            <artifactId>hibernate-entitymanager</artifactId>
            <!-- Avoid issue #72 Could not initialize class org.thymeleaf.templateresolver.ServletContextTemplateResolver due to 'validation is not supported' -->
            <exclusions>
                <exclusion>
            		<artifactId>pull-parser</artifactId>
            		<groupId>pull-parser</groupId>
                </exclusion>
            </exclusions>
        </dependency>
        <!-- Avoid: javax.validation.ValidationException: HV000183: Unable to load 'javax.el.ExpressionFactory' -->
        <dependency>
            <groupId>javax.el</groupId>
            <artifactId>javax.el-api</artifactId>
            <scope>test</scope>
        </dependency>
        <dependency>
            <groupId>org.hsqldb</groupId>
            <artifactId>hsqldb</artifactId>
        </dependency>
        <!-- Spring Data -->
        <dependency>
            <groupId>org.springframework.data</groupId>
            <artifactId>spring-data-jpa</artifactId>
        </dependency>
        <dependency>
            <groupId>org.springframework.data</groupId>
            <artifactId>spring-data-mongodb</artifactId>
        </dependency>
        <!-- Validation -->
        <dependency>
            <groupId>org.hibernate</groupId>
            <artifactId>hibernate-validator</artifactId>
        </dependency>
        <!-- Logging -->
        <dependency>
            <groupId>org.slf4j</groupId>
            <artifactId>slf4j-api</artifactId>
        </dependency>
        <dependency>
            <groupId>ch.qos.logback</groupId>
            <artifactId>logback-classic</artifactId>
        </dependency>
        <!-- @Inject -->
        <dependency>
            <groupId>javax.inject</groupId>
            <artifactId>javax.inject</artifactId>
        </dependency>
        <!-- Servlet -->
        <dependency>
            <groupId>javax.servlet</groupId>
            <artifactId>javax.servlet-api</artifactId>
            <scope>provided</scope>
        </dependency>
        <!-- JSON -->
        <dependency>
            <groupId>com.fasterxml.jackson.core</groupId>
            <artifactId>jackson-databind</artifactId>
        </dependency>
        <!-- Utilities -->
        <dependency>
            <groupId>com.google.guava</groupId>
            <artifactId>guava</artifactId>
        </dependency>
        <!-- Needed for PDF View -->
        <dependency>
			<groupId>com.itextpdf</groupId>
			<artifactId>itextpdf</artifactId>
			<version>5.5.7</version>
		</dependency>
        <!-- Test -->
        <dependency>
            <groupId>junit</groupId>
            <artifactId>junit</artifactId>
            <scope>test</scope>
        </dependency>
        <dependency>
            <groupId>org.mockito</groupId>
            <artifactId>mockito-core</artifactId>
            <scope>test</scope>
        </dependency>
        <dependency>
            <groupId>org.assertj</groupId>
            <artifactId>assertj-core</artifactId>
            <version>${assertj-core-version}</version>
            <scope>test</scope>
        </dependency>
        <dependency>
            <groupId>org.hamcrest</groupId>
            <artifactId>hamcrest-core</artifactId>
            <scope>test</scope>
        </dependency>
        <dependency>
            <groupId>org.hamcrest</groupId>
            <artifactId>hamcrest-library</artifactId>
            <scope>test</scope>
        </dependency>
        <dependency>
            <groupId>org.objenesis</groupId>
            <artifactId>objenesis</artifactId>
            <scope>test</scope>
        </dependency>
        <dependency>
            <groupId>org.springframework</groupId>
            <artifactId>spring-test</artifactId>
            <scope>test</scope>
        </dependency>
    </dependencies>
    <build>
        <plugins>
            <plugin>
                <groupId>org.apache.tomcat.maven</groupId>
                <artifactId>tomcat7-maven-plugin</artifactId>
                <version>2.2</version>
                <configuration>
                    <path>/</path>
                </configuration>
            </plugin>
            <plugin>
                <groupId>org.apache.maven.plugins</groupId>
                <artifactId>maven-compiler-plugin</artifactId>
                <version>2.3.2</version>
                <configuration>
                    <source>${java-version}</source>
                    <target>${java-version}</target>
                </configuration>
            </plugin>
            <plugin>
                <groupId>org.apache.maven.plugins</groupId>
                <artifactId>maven-war-plugin</artifactId>
                <version>2.1.1</version>
                <configuration>
                    <warName>pms</warName>
                </configuration>
            </plugin>
            <plugin>
                <groupId>org.apache.maven.plugins</groupId>
                <artifactId>maven-dependency-plugin</artifactId>
                <executions>
                    <execution>
                        <id>deploy</id>
                        <phase>deploy</phase>
                        <goals>
                            <goal>sources</goal>
                        </goals>
                    </execution>
                </executions>
            </plugin>
            <plugin>
                <groupId>org.apache.maven.plugins</groupId>
                <artifactId>maven-resources-plugin</artifactId>
                <version>2.7</version>
                <configuration>
                    <encoding>${project.build.sourceEncoding}</encoding>
                </configuration>
            </plugin>
        </plugins>
    </build>
</project>